{"id":187,"name":"Licensed Frozen Shoes","price":"437.00","reviews":["http://localhost:3000/reviews/148","http://localhost:3000/reviews/586"],"buyers":["http://localhost:3000/users/21","http://localhost:3000/users/29","http://localhost:3000/users/30","http://localhost:3000/users/43","http://localhost:3000/users/69","http://localhost:3000/users/74","http://localhost:3000/users/81","http://localhost:3000/users/96","http://localhost:3000/users/103","http://localhost:3000/users/161","http://localhost:3000/users/203"],"url":"http://localhost:3000/products/187"}