{"id":205,"name":"Fantastic Plastic Sausages","price":"48.00","reviews":["http://localhost:3000/reviews/24","http://localhost:3000/reviews/718","http://localhost:3000/reviews/864","http://localhost:3000/reviews/865"],"buyers":["http://localhost:3000/users/7","http://localhost:3000/users/59","http://localhost:3000/users/99","http://localhost:3000/users/200","http://localhost:3000/users/238","http://localhost:3000/users/238","http://localhost:3000/users/244"],"url":"http://localhost:3000/products/205"}