{"id":302,"name":"Rustic Granite Tuna","price":"761.00","reviews":["http://localhost:3000/reviews/658","http://localhost:3000/reviews/729","http://localhost:3000/reviews/828"],"buyers":["http://localhost:3000/users/109","http://localhost:3000/users/113","http://localhost:3000/users/113","http://localhost:3000/users/124","http://localhost:3000/users/180","http://localhost:3000/users/203","http://localhost:3000/users/229","http://localhost:3000/users/230"],"url":"http://localhost:3000/products/302"}