{"id":359,"name":"Incredible Metal Ball","price":"118.00","reviews":["http://localhost:3000/reviews/297","http://localhost:3000/reviews/594","http://localhost:3000/reviews/686"],"buyers":["http://localhost:3000/users/79","http://localhost:3000/users/79","http://localhost:3000/users/87","http://localhost:3000/users/87","http://localhost:3000/users/128","http://localhost:3000/users/145","http://localhost:3000/users/162","http://localhost:3000/users/189","http://localhost:3000/users/238"],"url":"http://localhost:3000/products/359"}