{"id":487,"name":"Practical Frozen Fish","price":"644.00","reviews":["http://localhost:3000/reviews/154","http://localhost:3000/reviews/651","http://localhost:3000/reviews/790"],"buyers":["http://localhost:3000/users/43","http://localhost:3000/users/44","http://localhost:3000/users/143","http://localhost:3000/users/178","http://localhost:3000/users/181","http://localhost:3000/users/186","http://localhost:3000/users/190","http://localhost:3000/users/215"],"url":"http://localhost:3000/products/487"}